Priorité,Niveau Priorité,Mot-clé,Volume de Recherche,Difficulté SEO,Phase,URL Suggérée,Action
184.62,P1,déménagement marseille,2400,13,Phase 1,/demenagement-marseille,Page dédiée
184.62,P1,déménageur marseille,2400,13,Phase 1,/demenageur-marseille,Page dédiée
174.19,P1,déménageur paris,5400,31,Phase 1,/demenageur-paris,Page dédiée
150.00,P1,déménagement paris,5400,36,Phase 1,/demenagement-paris,Page dédiée
138.46,P1,déménageur toulouse,3600,26,Phase 1,/demenageur-toulouse,Page dédiée
126.09,P2,déménageur lyon,2900,23,Phase 2,/demenageur-lyon,Page dédiée
109.09,P2,déménagement toulouse,3600,33,Phase 2,/demenagement-toulouse,Page dédiée
100.00,P2,déménagement nice,1600,16,Phase 2,/demenagement-nice,Page dédiée
100.00,P2,déménageur nice,1600,16,Phase 2,/demenageur-nice,Page dédiée
100.00,P2,déménagement bordeaux,2400,24,Phase 2,/demenagement-bordeaux,Page dédiée
96.67,P2,déménagement lyon,2900,30,Phase 2,/demenagement-lyon,Page dédiée
90.91,P3,déménageur versailles,1000,11,Phase 3,/demenageur-versailles,Page dédiée
73.08,P3,déménageur strasbourg,1900,26,Phase 3,/demenageur-strasbourg,Page dédiée
73.08,P3,déménageur bordeaux,1900,26,Phase 3,/demenageur-bordeaux,Page dédiée
67.86,P3,déménagement strasbourg,1900,28,Phase 3,/demenagement-strasbourg,Page dédiée
67.69,P3,déménageur toulon,880,13,Phase 3,/demenageur-toulon,Page dédiée
67.69,P3,déménagement toulon,880,13,Phase 3,/demenagement-toulon,Page dédiée
65.52,P3,déménageur montpellier,1900,29,Phase 3,/demenageur-montpellier,Page dédiée
65.52,P3,déménagement montpellier,1900,29,Phase 3,/demenagement-montpellier,Page dédiée
64.86,P3,déménagement grenoble,2400,37,Phase 3,/demenagement-grenoble,Page dédiée
64.86,P3,déménageur grenoble,2400,37,Phase 3,/demenageur-grenoble,Page dédiée
62.86,P3,déménageur perpignan,880,14,Phase 3,/demenageur-perpignan,Page dédiée
62.86,P3,déménageur nancy,880,14,Phase 3,/demenageur-nancy,Page dédiée
62.50,P3,déménageur angers,1000,16,Phase 3,/demenageur-angers,Page dédiée
60.00,P3,déménagement mulhouse,720,12,Phase 3,/demenagement-mulhouse,Page dédiée
55.38,P3,déménagement amiens,720,13,Phase 3,/demenagement-amiens,Page dédiée
55.38,P3,déménageur amiens,720,13,Phase 3,/demenageur-amiens,Page dédiée
53.64,P3,déménageur caen,590,11,Phase 3,/demenageur-caen,Page dédiée
52.63,P3,déménagement angers,1000,19,Phase 3,/demenagement-angers,Page dédiée
51.76,P3,déménagement tours,880,17,Phase 3,/demenagement-tours,Page dédiée
51.76,P3,déménagement nancy,880,17,Phase 3,/demenagement-nancy,Page dédiée
50.00,P3,déménageur nantes,1300,26,Phase 3,/demenageur-nantes,Page dédiée
45.38,P4,déménagement caen,590,13,Phase 4,/demenagement-caen,Page dédiée
44.83,P4,déménagement nantes,1300,29,Phase 4,/demenagement-nantes,Page dédiée
40.00,P4,déménagement dijon,1000,25,Phase 4,/demenagement-dijon,Page dédiée
40.00,P4,déménageur rennes,1000,25,Phase 4,/demenageur-rennes,Page dédiée
40.00,P4,déménageur clermont-ferrand,720,18,Phase 4,/demenageur-clermont-ferrand,Page dédiée
40.00,P4,déménageur ajaccio,320,8,Phase 4,/demenageur-ajaccio,Page dédiée
38.46,P4,déménagement rennes,1000,26,Phase 4,/demenagement-rennes,Page dédiée
38.26,P4,déménagement reims,880,23,Phase 4,/demenagement-reims,Page dédiée
37.89,P4,déménagement clermont-ferrand,720,19,Phase 4,/demenagement-clermont-ferrand,Page dédiée
36.92,P4,déménageur paris 15,480,13,Phase 4,/demenageur-paris-15,Page dédiée
36.67,P4,déménageur tours,880,24,Phase 4,/demenageur-tours,Page dédiée
36.67,P4,déménageur reims,880,24,Phase 4,/demenageur-reims,Page dédiée
36.00,P4,déménageur limoges,720,20,Phase 4,/demenageur-limoges,Page dédiée
36.00,P4,déménagement limoges,720,20,Phase 4,/demenagement-limoges,Page dédiée
34.48,P4,déménageur rouen,1000,29,Phase 4,/demenageur-rouen,Page dédiée
34.29,P4,déménageur metz,720,21,Phase 4,/demenageur-metz,Page dédiée
33.33,P4,déménageur annecy,1000,30,Phase 4,/demenageur-annecy,Page dédiée
33.33,P4,déménagement rouen,1000,30,Phase 4,/demenagement-rouen,Page dédiée
32.50,P4,déménageur mulhouse,390,12,Phase 4,/demenageur-mulhouse,Page dédiée
31.30,P4,déménagement metz,720,23,Phase 4,/demenagement-metz,Page dédiée
31.05,P4,déménagement avignon,590,19,Phase 4,/demenagement-avignon,Page dédiée
30.34,P4,déménagement perpignan,880,29,Phase 4,/demenagement-perpignan,Page dédiée
30.30,P4,déménagement annecy,1000,33,Phase 4,/demenagement-annecy,Page dédiée
30.00,P4,déménageur la rochelle,390,13,Phase 4,/demenageur-la-rochelle,Page dédiée
29.09,P4,déménagement ajaccio,320,11,Phase 4,/demenagement-ajaccio,Page dédiée
26.67,P4,déménagement valence,320,12,Phase 4,/demenagement-valence,Page dédiée
26.67,P4,déménagement lille,720,27,Phase 4,/demenagement-lille,Page dédiée
25.71,P4,déménageur lille,720,28,Phase 4,/demenageur-lille,Page dédiée
24.62,P4,déménagement blois,320,13,Phase 4,/demenagement-blois,Page dédiée
24.62,P4,déménageur laval,320,13,Phase 4,/demenageur-laval,Page dédiée
24.62,P4,déménageur bourges,320,13,Phase 4,/demenageur-bourges,Page dédiée
24.62,P4,déménageur beauvais,320,13,Phase 4,/demenageur-beauvais,Page dédiée
24.62,P4,déménageur blois,320,13,Phase 4,/demenageur-blois,Page dédiée
24.62,P4,déménageur montauban,320,13,Phase 4,/demenageur-montauban,Page dédiée
23.81,P4,déménagement versailles,1000,42,Phase 4,/demenagement-versailles,Page dédiée
21.67,P4,déménagement poitiers,390,18,Phase 4,/demenagement-poitiers,Page dédiée
21.67,P4,déménageur carcassonne,260,12,Phase 4,/demenageur-carcassonne,Page dédiée
21.33,P4,déménagement montauban,320,15,Phase 4,/demenagement-montauban,Page dédiée
20.00,P4,déménagement beauvais,260,13,Phase 4,/demenagement-beauvais,Page dédiée
20.00,P4,déménageur le mans,480,24,Phase 4,/demenageur-le-mans,Page dédiée
20.00,P4,déménageur tarbes,260,13,Phase 4,/demenageur-tarbes,Page dédiée
20.00,P4,déménagement tarbes,260,13,Phase 4,/demenagement-tarbes,Page dédiée
20.00,P4,déménageur bourg-en-bresse,260,13,Phase 4,/demenageur-bourg-en-bresse,Page dédiée
20.00,P4,déménagement bourg-en-bresse,260,13,Phase 4,/demenagement-bourg-en-bresse,Page dédiée
19.50,P4,déménageur poitiers,390,20,Phase 4,/demenageur-poitiers,Page dédiée
19.09,P4,déménageur arras,210,11,Phase 4,/demenageur-arras,Page dédiée
19.09,P4,déménagement arras,210,11,Phase 4,/demenagement-arras,Page dédiée
19.09,P4,déménageur besançon,210,11,Phase 4,/demenageur-besancon,Page dédiée
18.57,P4,déménagement chartres,260,14,Phase 4,/demenagement-chartres,Page dédiée
18.57,P4,déménageur orléans,260,14,Phase 4,/demenageur-orleans,Page dédiée
17.78,P4,déménagement la roche-sur-yon,320,18,Phase 4,/demenagement-la-roche-sur-yon,Page dédiée
17.78,P4,déménageur brest,480,27,Phase 4,/demenageur-brest,Page dédiée
17.50,P4,déménagement albi,210,12,Phase 4,/demenagement-albi,Page dédiée
17.50,P4,déménageur rodez,210,12,Phase 4,/demenageur-rodez,Page dédiée
17.50,P4,déménageur albi,210,12,Phase 4,/demenageur-albi,Page dédiée
16.39,Thématique,checklist déménagement,590,36,Phase 4,/blog/checklist-demenagement,Article blog
16.15,P4,déménagement belfort,210,13,Phase 4,/demenagement-belfort,Page dédiée
16.15,P4,déménagement nanterre,210,13,Phase 4,/demenagement-nanterre,Page dédiée
16.15,P4,déménageur nanterre,210,13,Phase 4,/demenageur-nanterre,Page dédiée
16.15,P4,déménagement rodez,210,13,Phase 4,/demenagement-rodez,Page dédiée
16.15,P4,déménageur belfort,210,13,Phase 4,/demenageur-belfort,Page dédiée
15.95,P4,déménagement le mans,590,37,Phase 4,/demenagement-le-mans,Page dédiée
15.29,P4,déménageur niort,260,17,Phase 4,/demenageur-niort,Page dédiée
14.44,P4,déménagement orléans,260,18,Phase 4,/demenagement-orleans,Page dédiée
13.71,P4,déménagement la rochelle,480,35,Phase 4,/demenagement-la-rochelle,Page dédiée
13.08,P4,déménageur auxerre,170,13,Phase 4,/demenageur-auxerre,Page dédiée
13.08,P4,déménagement nevers,170,13,Phase 4,/demenagement-nevers,Page dédiée
13.08,P4,déménageur nevers,170,13,Phase 4,/demenageur-nevers,Page dédiée
13.08,P4,déménagement auxerre,170,13,Phase 4,/demenagement-auxerre,Page dédiée
12.31,P4,déménageur pau,480,39,Phase 4,/demenageur-pau,Page dédiée
12.31,P4,déménagement pau,480,39,Phase 4,/demenagement-pau,Page dédiée
12.14,P4,déménagement paris 16,170,14,Phase 4,/demenagement-paris-16,Page dédiée
11.85,P4,déménageur la roche-sur-yon,320,27,Phase 4,/demenageur-la-roche-sur-yon,Page dédiée
11.82,P4,déménagement niort,260,22,Phase 4,/demenagement-niort,Page dédiée
11.71,P4,déménageur vannes,480,41,Phase 4,/demenageur-vannes,Page dédiée
11.71,P4,déménagement vannes,480,41,Phase 4,/demenagement-vannes,Page dédiée
11.43,P4,déménageur avignon,480,42,Phase 4,/demenageur-avignon,Page dédiée
11.33,P4,déménagement cahors,170,15,Phase 4,/demenagement-cahors,Page dédiée
11.33,P4,déménageur cahors,170,15,Phase 4,/demenageur-cahors,Page dédiée
11.05,P4,déménageur gap,210,19,Phase 4,/demenageur-gap,Page dédiée
11.05,P4,déménagement gap,210,19,Phase 4,/demenagement-gap,Page dédiée
9.29,Thématique,conseils déménagement,390,42,Phase 4,/blog/conseils-demenagement,Article blog
3.68,Thématique,guide déménagement,140,38,Phase 4,/blog/guide-demenagement,Article blog
0.65,Thématique,blog déménagement,20,31,Phase 4,/blog,Section blog

